trace_id,loss,accuracy
5,0.509087085723877,0.8733595013618469
6,0.45519325137138367,0.8783921599388123
7,0.45244595408439636,0.8805180191993713
8,0.49217647314071655,0.868543803691864
