trace_id,loss,accuracy
3,0.015169805847108364,0.9981921315193176
4,0.0392574816942215,0.99638432264328
1,0.015169807709753513,0.9981921315193176
3,0.012722873128950596,0.9992251992225647
4,0.011009998619556427,0.9992251992225647
1,0.012722872197628021,0.9992251992225647
3,0.013862610794603825,0.9992251992225647
4,0.015704577788710594,0.9992251992225647
1,0.013862610794603825,0.9992251992225647
3,0.015161864459514618,0.9992251992225647
4,0.017214160412549973,0.9992251992225647
1,0.015161864459514618,0.9992251992225647
3,0.016474980860948563,0.9992251992225647
4,0.01795085333287716,0.9992251992225647
1,0.016474980860948563,0.9992251992225647
3,0.017155367881059647,0.9992251992225647
4,0.01949741318821907,0.9992251992225647
1,0.017155367881059647,0.9992251992225647
3,0.01749594323337078,0.9992251992225647
4,0.020073678344488144,0.9992251992225647
1,0.01749594323337078,0.9992251992225647
3,0.017788417637348175,0.9992251992225647
4,0.020490199327468872,0.9992251992225647
1,0.017788417637348175,0.9992251992225647
