trace_id,loss,accuracy
3,0.014196443371474743,0.9992251992225647
4,0.017118126153945923,0.9989669322967529
1,0.014196443371474743,0.9992251992225647
3,0.01653323322534561,0.9992251992225647
4,0.01728997752070427,0.9992251992225647
1,0.01653323322534561,0.9992251992225647
3,0.018226828426122665,0.9992251992225647
4,0.0338115468621254,0.9932851195335388
1,0.018226828426122665,0.9992251992225647
3,0.0192580446600914,0.9992251992225647
4,0.01917370595037937,0.9992251992225647
1,0.0192580446600914,0.9992251992225647
3,0.019866667687892914,0.9992251992225647
4,0.019720887765288353,0.9976755976676941
1,0.019866667687892914,0.9992251992225647
3,0.02044082246720791,0.9992251992225647
4,0.018509402871131897,0.9992251992225647
1,0.02044082246720791,0.9992251992225647
3,0.02089723013341427,0.9992251992225647
4,0.017537711188197136,0.9992251992225647
1,0.02089723013341427,0.9992251992225647
3,0.021333646029233932,0.9992251992225647
4,0.018634267151355743,0.9992251992225647
1,0.021333646029233932,0.9992251992225647
