trace_id,loss,accuracy
3,0.020214011892676353,0.9992251992225647
4,0.02946166694164276,0.9989669322967529
1,0.020214011892676353,0.9992251992225647
3,0.01978066936135292,0.9992251992225647
4,0.025237860158085823,0.9992251992225647
1,0.01978066936135292,0.9992251992225647
3,0.023913715034723282,0.9992251992225647
4,0.024302417412400246,0.9992251992225647
1,0.023913715034723282,0.9992251992225647
3,0.025475943461060524,0.9992251992225647
4,0.026308573782444,0.9992251992225647
1,0.025475943461060524,0.9992251992225647
3,0.026747334748506546,0.9992251992225647
4,0.027376005426049232,0.9992251992225647
1,0.026747334748506546,0.9992251992225647
3,0.027674339711666107,0.9992251992225647
4,0.02826603688299656,0.9992251992225647
1,0.027674339711666107,0.9992251992225647
3,0.02846900187432766,0.9992251992225647
4,0.029115386307239532,0.9992251992225647
1,0.02846900187432766,0.9992251992225647
3,0.029091712087392807,0.9992251992225647
4,0.02968491055071354,0.9992251992225647
1,0.029091712087392807,0.9992251992225647
