trace_id,loss,accuracy
3,0.027557700872421265,0.9987086653709412
4,0.023275841027498245,0.9992251992225647
1,0.027557700872421265,0.9987086653709412
3,0.030322805047035217,0.9992251992225647
4,0.023205196484923363,0.9992251992225647
1,0.030322805047035217,0.9992251992225647
3,0.022815193980932236,0.9989669322967529
4,0.030475962907075882,0.9992251992225647
1,0.022815193980932236,0.9989669322967529
3,0.02220636047422886,0.9992251992225647
4,0.024389291182160378,0.9992251992225647
1,0.02220636047422886,0.9992251992225647
3,0.0236262958496809,0.9992251992225647
4,0.024442972615361214,0.9992251992225647
1,0.0236262958496809,0.9992251992225647
3,0.02507629245519638,0.9992251992225647
4,0.027308952063322067,0.9992251992225647
1,0.02507629245519638,0.9992251992225647
3,0.026542142033576965,0.9992251992225647
4,0.028164837509393692,0.9992251992225647
1,0.026542142033576965,0.9992251992225647
3,0.026635564863681793,0.9992251992225647
4,0.0280902199447155,0.9992251992225647
1,0.026635564863681793,0.9992251992225647
