trace_id,loss,accuracy
3,0.01804361864924431,0.9989669322967529
4,0.021520307287573814,0.9992251992225647
1,0.01804361864924431,0.9989669322967529
3,0.019479691982269287,0.9987086653709412
4,0.019222743809223175,0.9992251992225647
1,0.019479691982269287,0.9987086653709412
3,0.019887510687112808,0.9989669322967529
4,0.016795901581645012,0.9989669322967529
1,0.019887510687112808,0.9989669322967529
3,0.016177095472812653,0.9989669322967529
4,0.022783713415265083,0.9989669322967529
1,0.016177095472812653,0.9989669322967529
3,0.018276065587997437,0.9992251992225647
4,0.020577967166900635,0.9992251992225647
1,0.018276065587997437,0.9992251992225647
3,0.019376926124095917,0.9992251992225647
4,0.023790298029780388,0.9989669322967529
1,0.019376926124095917,0.9992251992225647
3,0.020229311659932137,0.9992251992225647
4,0.020718317478895187,0.9992251992225647
1,0.020229311659932137,0.9992251992225647
3,0.02082180604338646,0.9992251992225647
4,0.017927540466189384,0.9992251992225647
1,0.02082180604338646,0.9992251992225647
