trace_id,loss,accuracy
3,0.013340613804757595,0.9989669322967529
4,0.0957375094294548,0.9992251992225647
1,0.013340613804757595,0.9989669322967529
3,0.016068002209067345,0.9992251992225647
4,0.06331758946180344,0.98837810754776
1,0.016068002209067345,0.9992251992225647
3,0.019118385389447212,0.9992251992225647
4,0.02025478146970272,0.993026852607727
1,0.019118385389447212,0.9992251992225647
3,0.019862979650497437,0.9992251992225647
4,0.01685376837849617,0.9989669322967529
1,0.019862979650497437,0.9992251992225647
3,0.02212728187441826,0.9992251992225647
4,0.013448883779346943,0.9992251992225647
1,0.02212728187441826,0.9992251992225647
3,0.022682661190629005,0.9992251992225647
4,0.016671760007739067,0.9992251992225647
1,0.022682661190629005,0.9992251992225647
3,0.023431649431586266,0.9992251992225647
4,0.014875843189656734,0.9987086653709412
1,0.023431649431586266,0.9992251992225647
3,0.024057988077402115,0.9992251992225647
4,0.028812779113650322,0.9927685856819153
1,0.024057988077402115,0.9992251992225647
