trace_id,loss,accuracy
3,0.01588273234665394,0.9984503984451294
4,0.022021442651748657,0.9992251992225647
1,0.01588273234665394,0.9984503984451294
3,0.018415361642837524,0.9992251992225647
4,0.01498720794916153,0.9987086653709412
1,0.018415361642837524,0.9992251992225647
3,0.021300610154867172,0.9992251992225647
4,0.019072655588388443,0.9992251992225647
1,0.021300610154867172,0.9992251992225647
3,0.020787490531802177,0.9992251992225647
4,0.018415246158838272,0.9992251992225647
1,0.020787490531802177,0.9992251992225647
3,0.02109452337026596,0.9992251992225647
4,0.024769725278019905,0.9992251992225647
1,0.02109452337026596,0.9992251992225647
3,0.021304190158843994,0.9992251992225647
4,0.023026198148727417,0.9984503984451294
1,0.021304190158843994,0.9992251992225647
3,0.021522562950849533,0.9992251992225647
4,0.02450287900865078,0.9984503984451294
1,0.021522562950849533,0.9992251992225647
3,0.021808572113513947,0.9992251992225647
4,0.028005177155137062,0.9992251992225647
1,0.021808572113513947,0.9992251992225647
