trace_id,loss,accuracy
3,0.037477415055036545,0.9992251992225647
4,0.03394013270735741,0.9989669322967529
1,0.037477415055036545,0.9992251992225647
3,0.031145267188549042,0.9992251992225647
4,0.04447905719280243,0.9992251992225647
1,0.031145267188549042,0.9992251992225647
3,0.03578026592731476,0.9992251992225647
4,0.029524844139814377,0.9992251992225647
1,0.03578026592731476,0.9992251992225647
3,0.037226758897304535,0.9992251992225647
4,0.039005398750305176,0.9992251992225647
1,0.037226758897304535,0.9992251992225647
3,0.03862888738512993,0.9992251992225647
4,0.04033556208014488,0.9992251992225647
1,0.03862888738512993,0.9992251992225647
3,0.03945975750684738,0.9992251992225647
4,0.0350722074508667,0.9989669322967529
1,0.03945975750684738,0.9992251992225647
3,0.040269628167152405,0.9992251992225647
4,0.04160917550325394,0.9992251992225647
1,0.040269628167152405,0.9992251992225647
3,0.04097811505198479,0.9992251992225647
4,0.042529623955488205,0.9992251992225647
1,0.04097811505198479,0.9992251992225647
