trace_id,loss,accuracy
3,0.03985217958688736,0.9989669322967529
4,0.04875781759619713,0.9989669322967529
1,0.03985218331217766,0.9989669322967529
3,0.048888251185417175,0.9989669322967529
4,0.059959135949611664,0.9989669322967529
1,0.048888251185417175,0.9989669322967529
3,0.04906473308801651,0.9989669322967529
4,0.03576018661260605,0.9992251992225647
1,0.04906473308801651,0.9989669322967529
3,0.05304533988237381,0.9989669322967529
4,0.031970422714948654,0.9992251992225647
1,0.05304533988237381,0.9989669322967529
3,0.055514175444841385,0.9989669322967529
4,0.02611297182738781,0.9989669322967529
1,0.055514175444841385,0.9989669322967529
3,0.057431235909461975,0.9989669322967529
4,0.04988310858607292,0.9984503984451294
1,0.057431235909461975,0.9989669322967529
3,0.05888868123292923,0.9989669322967529
4,0.029918093234300613,0.9992251992225647
1,0.05888868123292923,0.9989669322967529
3,0.060080159455537796,0.9989669322967529
4,0.025461819022893906,0.9989669322967529
1,0.060080159455537796,0.9989669322967529
