trace_id,loss,accuracy
3,0.09617950022220612,0.9971590638160706
4,0.039908379316329956,0.9945764541625977
1,0.09617950022220612,0.9971590638160706
3,0.05536890774965286,0.9989669322967529
4,0.07649336010217667,0.9989669322967529
1,0.05536890774965286,0.9989669322967529
3,0.060331739485263824,0.9989669322967529
4,0.05489082634449005,0.9992251992225647
1,0.060331739485263824,0.9989669322967529
3,0.06389918923377991,0.9992251992225647
4,0.07491253316402435,0.9992251992225647
1,0.06389918923377991,0.9992251992225647
3,0.06635674834251404,0.9992251992225647
4,0.06674128025770187,0.9992251992225647
1,0.06635674834251404,0.9992251992225647
3,0.06809590756893158,0.9992251992225647
4,0.06865803152322769,0.9992251992225647
1,0.06809590756893158,0.9992251992225647
3,0.06929390132427216,0.9992251992225647
4,0.06988666951656342,0.9992251992225647
1,0.06929390132427216,0.9992251992225647
3,0.07031479477882385,0.9989669322967529
4,0.07092100381851196,0.9992251992225647
1,0.07031479477882385,0.9989669322967529
