trace_id,loss,accuracy
3,0.06294023990631104,0.9992251992225647
4,0.031064197421073914,0.9989669322967529
1,0.06294023990631104,0.9992251992225647
3,0.06342492252588272,0.9992251992225647
4,0.06718260049819946,0.9992251992225647
1,0.06342492252588272,0.9992251992225647
3,0.06827619671821594,0.9992251992225647
4,0.06896491348743439,0.9992251992225647
1,0.06827619671821594,0.9992251992225647
3,0.07078240066766739,0.9992251992225647
4,0.07165911793708801,0.9992251992225647
1,0.07078240066766739,0.9992251992225647
3,0.07255887240171432,0.9992251992225647
4,0.07364179939031601,0.9992251992225647
1,0.07255887240171432,0.9992251992225647
3,0.07407235354185104,0.9992251992225647
4,0.07490965723991394,0.9992251992225647
1,0.07407235354185104,0.9992251992225647
3,0.07525674253702164,0.9992251992225647
4,0.07623053342103958,0.9992251992225647
1,0.07525674253702164,0.9992251992225647
3,0.07624629884958267,0.9992251992225647
4,0.07698745280504227,0.9992251992225647
1,0.07624629884958267,0.9992251992225647
