trace_id,loss,accuracy
3,0.058790091425180435,0.9961260557174683
4,0.062296949326992035,0.9992251992225647
1,0.058790095150470734,0.9961260557174683
3,0.06081763654947281,0.9992251992225647
4,0.05759638920426369,0.9992251992225647
1,0.06081763654947281,0.9992251992225647
3,0.06846142560243607,0.9992251992225647
4,0.11453951895236969,0.993026852607727
1,0.06846142560243607,0.9992251992225647
3,0.07052642107009888,0.9992251992225647
4,0.050378065556287766,0.9992251992225647
1,0.07052642107009888,0.9992251992225647
3,0.07334640622138977,0.9992251992225647
4,0.05401625856757164,0.993026852607727
1,0.07334640622138977,0.9992251992225647
3,0.07658525556325912,0.9992251992225647
4,0.0526394322514534,0.9992251992225647
1,0.07658525556325912,0.9992251992225647
3,0.07751300930976868,0.9992251992225647
4,0.052944254130125046,0.9992251992225647
1,0.07751300930976868,0.9992251992225647
3,0.07888465374708176,0.9992251992225647
4,0.05317622795701027,0.9992251992225647
1,0.07888465374708176,0.9992251992225647
