trace_id,loss,accuracy
3,0.049072157591581345,0.9979338645935059
4,0.015180337242782116,0.9992251992225647
1,0.049072157591581345,0.9979338645935059
3,0.06365381926298141,0.9992251992225647
4,0.06261181831359863,0.9992251992225647
1,0.06365381926298141,0.9992251992225647
3,0.06873924285173416,0.9992251992225647
4,0.06905464082956314,0.9992251992225647
1,0.06873924285173416,0.9992251992225647
3,0.07192891836166382,0.9992251992225647
4,0.07221025228500366,0.9992251992225647
1,0.07192891836166382,0.9992251992225647
3,0.07418887317180634,0.9992251992225647
4,0.07445898652076721,0.9992251992225647
1,0.07418887317180634,0.9992251992225647
3,0.07597852498292923,0.9992251992225647
4,0.07622529566287994,0.9992251992225647
1,0.07597852498292923,0.9992251992225647
3,0.0774555653333664,0.9992251992225647
4,0.0776808112859726,0.9992251992225647
1,0.0774555653333664,0.9992251992225647
3,0.07869421690702438,0.9992251992225647
4,0.07889098674058914,0.9992251992225647
1,0.07869421690702438,0.9992251992225647
