trace_id,loss,accuracy
3,0.04782399535179138,0.9992251992225647
4,0.06861706078052521,0.9950929880142212
1,0.04782399535179138,0.9992251992225647
3,0.04787472262978554,0.9992251992225647
4,0.02828650362789631,0.9992251992225647
1,0.04787472262978554,0.9992251992225647
3,0.05116107314825058,0.9992251992225647
4,0.02391536347568035,0.9992251992225647
1,0.05116107314825058,0.9992251992225647
3,0.055110864341259,0.9992251992225647
4,0.10966624319553375,0.9943181872367859
1,0.055110864341259,0.9992251992225647
3,0.05738672614097595,0.9992251992225647
4,0.02688360959291458,0.9992251992225647
1,0.05738672614097595,0.9992251992225647
3,0.05894864723086357,0.9992251992225647
4,0.029900576919317245,0.9969007968902588
1,0.05894864723086357,0.9992251992225647
3,0.06003616377711296,0.9992251992225647
4,0.02139851078391075,0.9987086653709412
1,0.06003616377711296,0.9992251992225647
3,0.061183586716651917,0.9992251992225647
4,0.02693876624107361,0.995351254940033
1,0.061183586716651917,0.9992251992225647
