trace_id,loss,accuracy
3,0.04025667905807495,0.9992251992225647
4,0.03957757726311684,0.9989669322967529
1,0.04025667905807495,0.9992251992225647
3,0.044126175343990326,0.9992251992225647
4,0.04771660268306732,0.9992251992225647
1,0.044126175343990326,0.9992251992225647
3,0.04692584276199341,0.9992251992225647
4,0.04684823378920555,0.9992251992225647
1,0.04692584276199341,0.9992251992225647
3,0.049142319709062576,0.9992251992225647
4,0.049023568630218506,0.9992251992225647
1,0.049142319709062576,0.9992251992225647
3,0.05032981187105179,0.9992251992225647
4,0.050486527383327484,0.9992251992225647
1,0.05032981187105179,0.9992251992225647
3,0.05125966668128967,0.9992251992225647
4,0.05150401219725609,0.9992251992225647
1,0.05125966668128967,0.9992251992225647
3,0.05202849209308624,0.9992251992225647
4,0.0523526631295681,0.9992251992225647
1,0.05202849209308624,0.9992251992225647
3,0.05274730920791626,0.9992251992225647
4,0.05301579087972641,0.9992251992225647
1,0.05274730920791626,0.9992251992225647
