trace_id,loss,accuracy
3,0.0065626283176243305,0.9984503984451294
4,0.02113908901810646,0.9992251992225647
1,0.0065626283176243305,0.9984503984451294
3,0.006986703258007765,0.9994834661483765
4,0.004658684134483337,0.9992251992225647
1,0.006986703258007765,0.9994834661483765
3,0.006012887228280306,0.9987086653709412
4,0.013509366661310196,0.9992251992225647
1,0.006012887228280306,0.9987086653709412
3,0.010864314623177052,0.9992251992225647
4,0.013629918918013573,0.9992251992225647
1,0.010864314623177052,0.9992251992225647
3,0.009106672368943691,0.9994834661483765
4,0.01108706183731556,0.9992251992225647
1,0.009106672368943691,0.9994834661483765
3,0.009154324419796467,0.9997417330741882
4,0.011291705071926117,0.9992251992225647
1,0.009154324419796467,0.9997417330741882
3,0.009659928269684315,0.9997417330741882
4,0.010278690606355667,0.9994834661483765
1,0.009659928269684315,0.9997417330741882
3,0.009666914120316505,0.9997417330741882
4,0.010428186506032944,0.9994834661483765
1,0.009666914120316505,0.9997417330741882
