trace_id,loss,accuracy
3,0.021968217566609383,0.9992251992225647
4,0.021438760682940483,0.9989669322967529
1,0.021968217566609383,0.9992251992225647
3,0.02833390049636364,0.9992251992225647
4,0.03141157701611519,0.9992251992225647
1,0.02833390049636364,0.9992251992225647
3,0.026745019480586052,0.9992251992225647
4,0.03208986297249794,0.9992251992225647
1,0.026745019480586052,0.9992251992225647
3,0.029585737735033035,0.9992251992225647
4,0.03411264345049858,0.9992251992225647
1,0.029585737735033035,0.9992251992225647
3,0.030877310782670975,0.9992251992225647
4,0.03277776390314102,0.9992251992225647
1,0.030877310782670975,0.9992251992225647
3,0.03211839869618416,0.9992251992225647
4,0.03337479382753372,0.9992251992225647
1,0.03211839869618416,0.9992251992225647
3,0.03273828327655792,0.9992251992225647
4,0.03511286899447441,0.9992251992225647
1,0.03273828327655792,0.9992251992225647
3,0.03348999470472336,0.9992251992225647
4,0.03508235141634941,0.9992251992225647
1,0.03348999470472336,0.9992251992225647
