trace_id,loss,accuracy
3,0.012546757236123085,0.9989669322967529
4,0.01899232342839241,0.9981921315193176
1,0.01254675630480051,0.9989669322967529
3,0.017117815092206,0.9992251992225647
4,0.01217592228204012,0.9992251992225647
1,0.017117815092206,0.9992251992225647
3,0.01915913075208664,0.9992251992225647
4,0.017281657084822655,0.9992251992225647
1,0.01915913075208664,0.9992251992225647
3,0.019252268597483635,0.9992251992225647
4,0.019520996138453484,0.9992251992225647
1,0.019252268597483635,0.9992251992225647
3,0.019940940663218498,0.9992251992225647
4,0.0208265483379364,0.9992251992225647
1,0.019940940663218498,0.9992251992225647
3,0.020569708198308945,0.9992251992225647
4,0.01658688113093376,0.9992251992225647
1,0.020569708198308945,0.9992251992225647
3,0.021120518445968628,0.9992251992225647
4,0.021849283948540688,0.9992251992225647
1,0.021120518445968628,0.9992251992225647
3,0.02148403227329254,0.9992251992225647
4,0.02213412895798683,0.9992251992225647
1,0.02148403227329254,0.9992251992225647
