trace_id,loss,accuracy
3,0.025460191071033478,0.9984503984451294
4,0.06047145277261734,0.9992251992225647
1,0.025460191071033478,0.9984503984451294
3,0.0267023928463459,0.9992251992225647
4,0.031107841059565544,0.9992251992225647
1,0.0267023928463459,0.9992251992225647
3,0.02961757779121399,0.9992251992225647
4,0.032260406762361526,0.9992251992225647
1,0.02961757779121399,0.9992251992225647
3,0.03020421229302883,0.9992251992225647
4,0.03514569625258446,0.9992251992225647
1,0.03020421229302883,0.9992251992225647
3,0.03267710655927658,0.9992251992225647
4,0.03592143580317497,0.9992251992225647
1,0.03267710655927658,0.9992251992225647
3,0.034310270100831985,0.9992251992225647
4,0.036568429321050644,0.9992251992225647
1,0.034310270100831985,0.9992251992225647
3,0.035542428493499756,0.9992251992225647
4,0.03792634978890419,0.9992251992225647
1,0.035542428493499756,0.9992251992225647
3,0.036642782390117645,0.9992251992225647
4,0.03876963257789612,0.9992251992225647
1,0.036642782390117645,0.9992251992225647
