trace_id,loss,accuracy
3,0.02739070914685726,0.9992251992225647
4,0.038272641599178314,0.9989669322967529
1,0.02739071100950241,0.9992251992225647
3,0.033015791326761246,0.9992251992225647
4,0.029654869809746742,0.9984503984451294
1,0.033015791326761246,0.9992251992225647
3,0.03625619038939476,0.9992251992225647
4,0.04837760329246521,0.9932851195335388
1,0.03625619038939476,0.9992251992225647
3,0.036250077188014984,0.9992251992225647
4,0.029783938080072403,0.9992251992225647
1,0.036250077188014984,0.9992251992225647
3,0.03489190712571144,0.9992251992225647
4,0.028687678277492523,0.9989669322967529
1,0.03489190712571144,0.9992251992225647
3,0.03724108636379242,0.9992251992225647
4,0.03357083722949028,0.9992251992225647
1,0.03724108636379242,0.9992251992225647
3,0.038439586758613586,0.9992251992225647
4,0.03858079016208649,0.9992251992225647
1,0.038439586758613586,0.9992251992225647
3,0.039358846843242645,0.9992251992225647
4,0.03074457310140133,0.9992251992225647
1,0.039358846843242645,0.9992251992225647
