trace_id,loss,accuracy
3,0.030991867184638977,0.9987086653709412
4,0.029756661504507065,0.9984503984451294
1,0.030991867184638977,0.9987086653709412
3,0.03479383885860443,0.9989669322967529
4,0.024796754121780396,0.9992251992225647
1,0.03479383885860443,0.9989669322967529
3,0.03705830127000809,0.9989669322967529
4,0.02584603615105152,0.9992251992225647
1,0.03705830127000809,0.9989669322967529
3,0.03855857998132706,0.9989669322967529
4,0.024895336478948593,0.9992251992225647
1,0.03855857998132706,0.9989669322967529
3,0.04032245650887489,0.9989669322967529
4,0.02058584988117218,0.9992251992225647
1,0.04032245650887489,0.9989669322967529
3,0.041503917425870895,0.9989669322967529
4,0.025239840149879456,0.9992251992225647
1,0.041503917425870895,0.9989669322967529
3,0.04249674454331398,0.9989669322967529
4,0.020307479426264763,0.9992251992225647
1,0.04249674454331398,0.9989669322967529
3,0.04325925186276436,0.9989669322967529
4,0.01795167475938797,0.9989669322967529
1,0.04325925186276436,0.9989669322967529
