trace_id,loss,accuracy
3,0.05298976972699165,0.9989669322967529
4,0.02741546742618084,0.9958677887916565
1,0.052989762276411057,0.9989669322967529
3,0.06544438004493713,0.9992251992225647
4,0.06662813574075699,0.9992251992225647
1,0.06544438004493713,0.9992251992225647
3,0.06412661820650101,0.9992251992225647
4,0.07220664620399475,0.9992251992225647
1,0.06412661820650101,0.9992251992225647
3,0.05293002724647522,0.9989669322967529
4,0.062303826212882996,0.9992251992225647
1,0.05293002724647522,0.9989669322967529
3,0.06385065615177155,0.9992251992225647
4,0.04567232355475426,0.9984503984451294
1,0.06385065615177155,0.9992251992225647
3,0.06632434576749802,0.9992251992225647
4,0.04627678543329239,0.9987086653709412
1,0.06632434576749802,0.9992251992225647
3,0.06846194714307785,0.9992251992225647
4,0.06749942898750305,0.9940599203109741
1,0.06846194714307785,0.9992251992225647
3,0.07025367021560669,0.9992251992225647
4,0.06510155647993088,0.9938016533851624
1,0.07025367021560669,0.9992251992225647
