trace_id,loss,accuracy
3,0.10877585411071777,0.9987086653709412
4,0.012026909738779068,0.9989669322967529
1,0.10877584666013718,0.9987086653709412
3,0.11799292266368866,0.9992251992225647
4,0.12393657118082047,0.9992251992225647
1,0.11799292266368866,0.9992251992225647
3,0.11821918189525604,0.9989669322967529
4,0.13359753787517548,0.9992251992225647
1,0.11821918189525604,0.9989669322967529
3,0.12305556237697601,0.9992251992225647
4,0.1250835806131363,0.9989669322967529
1,0.12305556237697601,0.9992251992225647
3,0.12860414385795593,0.9992251992225647
4,0.13596925139427185,0.9992251992225647
1,0.12860414385795593,0.9992251992225647
3,0.13153612613677979,0.9992251992225647
4,0.14377430081367493,0.9992251992225647
1,0.13153612613677979,0.9992251992225647
3,0.13495826721191406,0.9992251992225647
4,0.13953642547130585,0.9992251992225647
1,0.13495826721191406,0.9992251992225647
3,0.13632361590862274,0.9992251992225647
4,0.14520686864852905,0.9992251992225647
1,0.13632361590862274,0.9992251992225647
