trace_id,loss,accuracy
3,0.03476663678884506,0.9992251992225647
4,0.05252006649971008,0.9956095218658447
1,0.03476663678884506,0.9992251992225647
3,0.03969569876790047,0.9992251992225647
4,0.04084498807787895,0.9992251992225647
1,0.03969569876790047,0.9992251992225647
3,0.04184067249298096,0.9992251992225647
4,0.04257913678884506,0.9992251992225647
1,0.04184067249298096,0.9992251992225647
3,0.043343447148799896,0.9992251992225647
4,0.04385622590780258,0.9992251992225647
1,0.043343447148799896,0.9992251992225647
3,0.045150067657232285,0.9992251992225647
4,0.04537035524845123,0.9992251992225647
1,0.045150067657232285,0.9992251992225647
3,0.046583082526922226,0.9992251992225647
4,0.046448081731796265,0.9992251992225647
1,0.046583082526922226,0.9992251992225647
3,0.04730994999408722,0.9992251992225647
4,0.047656189650297165,0.9992251992225647
1,0.04730994999408722,0.9992251992225647
3,0.0480615571141243,0.9992251992225647
4,0.048356588929891586,0.9992251992225647
1,0.0480615571141243,0.9992251992225647
