trace_id,loss,accuracy
3,0.06662186980247498,0.9992251992225647
4,0.03244714066386223,0.9992251992225647
1,0.06662186980247498,0.9992251992225647
3,0.07616757601499557,0.9992251992225647
4,0.07199663668870926,0.9992251992225647
1,0.07616757601499557,0.9992251992225647
3,0.07891616225242615,0.9992251992225647
4,0.08029093593358994,0.9992251992225647
1,0.07891616225242615,0.9992251992225647
3,0.0821232721209526,0.9992251992225647
4,0.08353428542613983,0.9992251992225647
1,0.0821232721209526,0.9992251992225647
3,0.0838264599442482,0.9992251992225647
4,0.08576206117868423,0.9992251992225647
1,0.0838264599442482,0.9992251992225647
3,0.08544489741325378,0.9992251992225647
4,0.0880432054400444,0.9992251992225647
1,0.08544489741325378,0.9992251992225647
3,0.08662717789411545,0.9992251992225647
4,0.08983452618122101,0.9992251992225647
1,0.08662717789411545,0.9992251992225647
3,0.08788540214300156,0.9992251992225647
4,0.09204839915037155,0.9992251992225647
1,0.08788540214300156,0.9992251992225647
