trace_id,loss,accuracy
3,0.04620782285928726,0.9989669322967529
4,0.06329335272312164,0.9938016533851624
1,0.04620782285928726,0.9989669322967529
3,0.044016484171152115,0.9989669322967529
4,0.06651750206947327,0.9961260557174683
1,0.044016484171152115,0.9989669322967529
3,0.046368181705474854,0.9992251992225647
4,0.04780098795890808,0.9992251992225647
1,0.046368181705474854,0.9992251992225647
3,0.049443088471889496,0.9992251992225647
4,0.049246083945035934,0.9992251992225647
1,0.049443088471889496,0.9992251992225647
3,0.050664305686950684,0.9992251992225647
4,0.0513126365840435,0.9992251992225647
1,0.050664305686950684,0.9992251992225647
3,0.05199034512042999,0.9992251992225647
4,0.052641455084085464,0.9992251992225647
1,0.05199034512042999,0.9992251992225647
3,0.053009286522865295,0.9992251992225647
4,0.0538674034178257,0.9992251992225647
1,0.053009286522865295,0.9992251992225647
3,0.05384080111980438,0.9992251992225647
4,0.05461559444665909,0.9992251992225647
1,0.05384080111980438,0.9992251992225647
