trace_id,loss,accuracy
3,0.039484985172748566,0.9987086653709412
4,0.03212321177124977,0.9989669322967529
1,0.039484985172748566,0.9987086653709412
3,0.040789127349853516,0.9989669322967529
4,0.044407282024621964,0.9989669322967529
1,0.040789127349853516,0.9989669322967529
3,0.040777504444122314,0.9989669322967529
4,0.05216904729604721,0.9989669322967529
1,0.040777504444122314,0.9989669322967529
3,0.04384941980242729,0.9989669322967529
4,0.038646306842565536,0.9987086653709412
1,0.04384941980242729,0.9989669322967529
3,0.04593396559357643,0.9989669322967529
4,0.027443699538707733,0.9984503984451294
1,0.04593396559357643,0.9989669322967529
3,0.04735880345106125,0.9989669322967529
4,0.03745603933930397,0.9989669322967529
1,0.04735880345106125,0.9989669322967529
3,0.04858705401420593,0.9989669322967529
4,0.03586665168404579,0.9966425895690918
1,0.04858705401420593,0.9989669322967529
3,0.049552496522665024,0.9989669322967529
4,0.029499422758817673,0.9966425895690918
1,0.049552496522665024,0.9989669322967529
