trace_id,loss,accuracy
3,0.06489460915327072,0.9992251992225647
4,0.06772846728563309,0.9987086653709412
1,0.06489460915327072,0.9992251992225647
3,0.0668395534157753,0.9992251992225647
4,0.046251483261585236,0.9958677887916565
1,0.0668395534157753,0.9992251992225647
3,0.06759635359048843,0.9992251992225647
4,0.06797924637794495,0.9992251992225647
1,0.06759635359048843,0.9992251992225647
3,0.07035835087299347,0.9992251992225647
4,0.01904628612101078,0.9992251992225647
1,0.07035835087299347,0.9992251992225647
3,0.07289963215589523,0.9992251992225647
4,0.05364377051591873,0.9992251992225647
1,0.07289963215589523,0.9992251992225647
3,0.07445181906223297,0.9992251992225647
4,0.0427033007144928,0.9992251992225647
1,0.07445181906223297,0.9992251992225647
3,0.07573537528514862,0.9992251992225647
4,0.06974334269762039,0.9989669322967529
1,0.07573537528514862,0.9992251992225647
3,0.07687336206436157,0.9992251992225647
4,0.050847288221120834,0.9992251992225647
1,0.07687336206436157,0.9992251992225647
