trace_id,loss,accuracy
3,0.007874848321080208,0.9989669322967529
4,0.01289406232535839,0.9974173307418823
1,0.007874848321080208,0.9989669322967529
3,0.04500804468989372,0.9938016533851624
4,0.011642061173915863,0.9992251992225647
1,0.04500804468989372,0.9938016533851624
3,0.012652717530727386,0.9992251992225647
4,0.013229348696768284,0.9992251992225647
1,0.012652717530727386,0.9992251992225647
3,0.014933261089026928,0.9992251992225647
4,0.014860691502690315,0.9992251992225647
1,0.014933261089026928,0.9992251992225647
3,0.015550706535577774,0.9992251992225647
4,0.015999509021639824,0.9992251992225647
1,0.015550706535577774,0.9992251992225647
3,0.016134683042764664,0.9992251992225647
4,0.016644088551402092,0.9992251992225647
1,0.016134683042764664,0.9992251992225647
3,0.01664005219936371,0.9992251992225647
4,0.017086582258343697,0.9992251992225647
1,0.01664005219936371,0.9992251992225647
3,0.01706833392381668,0.9992251992225647
4,0.017502278089523315,0.9992251992225647
1,0.01706833392381668,0.9992251992225647
