trace_id,loss,accuracy
3,0.0048372880555689335,0.9997417330741882
4,0.004527484066784382,0.9997417330741882
1,0.0048372880555689335,0.9997417330741882
3,0.003781396197155118,0.9997417330741882
4,0.003725687973201275,0.9997417330741882
1,0.003781396197155118,0.9997417330741882
3,0.0038662278093397617,0.9997417330741882
4,0.003915376495569944,0.9997417330741882
1,0.0038662278093397617,0.9997417330741882
3,0.003969264216721058,0.9997417330741882
4,0.00400657020509243,0.9997417330741882
1,0.003969264216721058,0.9997417330741882
3,0.00408508162945509,0.9997417330741882
4,0.004131874069571495,0.9997417330741882
1,0.00408508162945509,0.9997417330741882
3,0.0041375854052603245,0.9997417330741882
4,0.004227676894515753,0.9997417330741882
1,0.0041375854052603245,0.9997417330741882
3,0.004203770309686661,0.9997417330741882
4,0.0042710574343800545,0.9997417330741882
1,0.004203770309686661,0.9997417330741882
3,0.004255393054336309,0.9997417330741882
4,0.004344779532402754,0.9997417330741882
1,0.004255393054336309,0.9997417330741882
