trace_id,loss,accuracy
3,0.01882331818342209,0.9992251992225647
4,0.018294116482138634,0.9992251992225647
1,0.018823320046067238,0.9992251992225647
3,0.022386683151125908,0.9992251992225647
4,0.022221583873033524,0.9992251992225647
1,0.022386683151125908,0.9992251992225647
3,0.023002779111266136,0.9992251992225647
4,0.024083169177174568,0.9992251992225647
1,0.023002779111266136,0.9992251992225647
3,0.02435089461505413,0.9992251992225647
4,0.02402402088046074,0.9992251992225647
1,0.02435089461505413,0.9992251992225647
3,0.02509409375488758,0.9992251992225647
4,0.02517828717827797,0.9992251992225647
1,0.02509409375488758,0.9992251992225647
3,0.025607923045754433,0.9992251992225647
4,0.02579808607697487,0.9992251992225647
1,0.025607923045754433,0.9992251992225647
3,0.026091009378433228,0.9992251992225647
4,0.02642711065709591,0.9992251992225647
1,0.026091009378433228,0.9992251992225647
3,0.02648092620074749,0.9992251992225647
4,0.026665523648262024,0.9992251992225647
1,0.02648092620074749,0.9992251992225647
