trace_id,loss,accuracy
3,0.07085969299077988,0.9992251992225647
4,0.1027936339378357,0.9992251992225647
1,0.07085968554019928,0.9992251992225647
3,0.0742916613817215,0.9992251992225647
4,0.07130228728055954,0.9992251992225647
1,0.0742916613817215,0.9992251992225647
3,0.08877237886190414,0.9971590638160706
4,0.07210950553417206,0.9992251992225647
1,0.08877237886190414,0.9971590638160706
3,0.08703888952732086,0.9992251992225647
4,0.06679245829582214,0.9992251992225647
1,0.08703888952732086,0.9992251992225647
3,0.08917608857154846,0.9992251992225647
4,0.09497658163309097,0.9992251992225647
1,0.08917608857154846,0.9992251992225647
3,0.0909879207611084,0.9992251992225647
4,0.07593346387147903,0.9958677887916565
1,0.0909879207611084,0.9992251992225647
3,0.09244895726442337,0.9992251992225647
4,0.06441345065832138,0.9992251992225647
1,0.09244895726442337,0.9992251992225647
3,0.09364857524633408,0.9992251992225647
4,0.09101355075836182,0.9992251992225647
1,0.09364857524633408,0.9992251992225647
