trace_id,loss,accuracy
3,0.013367223553359509,0.9981921315193176
4,0.029168372973799706,0.9917355179786682
1,0.013367224484682083,0.9981921315193176
3,0.023040400817990303,0.9981921315193176
4,0.019452491775155067,0.9992251992225647
1,0.023040400817990303,0.9981921315193176
3,0.013322575017809868,0.9992251992225647
4,0.016601042822003365,0.9989669322967529
1,0.013322575017809868,0.9992251992225647
3,0.01579917035996914,0.9992251992225647
4,0.020252637565135956,0.9981921315193176
1,0.01579917035996914,0.9992251992225647
3,0.016371743753552437,0.9992251992225647
4,0.017839128151535988,0.9992251992225647
1,0.016371743753552437,0.9992251992225647
3,0.01692093536257744,0.9992251992225647
4,0.01631348952651024,0.9992251992225647
1,0.01692093536257744,0.9992251992225647
3,0.017207609489560127,0.9992251992225647
4,0.01706557162106037,0.9989669322967529
1,0.017207609489560127,0.9992251992225647
3,0.017553025856614113,0.9992251992225647
4,0.017183398827910423,0.9992251992225647
1,0.017553025856614113,0.9992251992225647
