trace_id,loss,accuracy
3,0.05077265202999115,0.9989669322967529
4,0.02551816962659359,0.9989669322967529
1,0.05077265202999115,0.9989669322967529
3,0.05203131213784218,0.9987086653709412
4,0.05534641817212105,0.9989669322967529
1,0.05203131213784218,0.9987086653709412
3,0.053053222596645355,0.9989669322967529
4,0.05186723545193672,0.9987086653709412
1,0.053053222596645355,0.9989669322967529
3,0.05467228963971138,0.9992251992225647
4,0.058516036719083786,0.9989669322967529
1,0.05467228963971138,0.9992251992225647
3,0.05698007717728615,0.9992251992225647
4,0.05944625660777092,0.9989669322967529
1,0.05698007717728615,0.9992251992225647
3,0.058605220168828964,0.9992251992225647
4,0.0828876718878746,0.9958677887916565
1,0.058605220168828964,0.9992251992225647
3,0.059568628668785095,0.9992251992225647
4,0.06251464784145355,0.9992251992225647
1,0.059568628668785095,0.9992251992225647
3,0.060581762343645096,0.9992251992225647
4,0.062246665358543396,0.9992251992225647
1,0.060581762343645096,0.9992251992225647
