trace_id,loss,accuracy
3,0.02645518258213997,0.9989669322967529
4,0.03839602321386337,0.9989669322967529
1,0.02645518258213997,0.9989669322967529
3,0.02997232787311077,0.9989669322967529
4,0.03613986819982529,0.9992251992225647
1,0.02997232787311077,0.9989669322967529
3,0.03386959433555603,0.9989669322967529
4,0.03349623456597328,0.9989669322967529
1,0.03386959433555603,0.9989669322967529
3,0.032014522701501846,0.9992251992225647
4,0.03859715536236763,0.9992251992225647
1,0.032014522701501846,0.9992251992225647
3,0.0339471772313118,0.9992251992225647
4,0.036200687289237976,0.9992251992225647
1,0.0339471772313118,0.9992251992225647
3,0.035561271011829376,0.9992251992225647
4,0.03715362772345543,0.9992251992225647
1,0.035561271011829376,0.9992251992225647
3,0.036657169461250305,0.9992251992225647
4,0.037541959434747696,0.9992251992225647
1,0.036657169461250305,0.9992251992225647
3,0.03733350336551666,0.9992251992225647
4,0.03846704959869385,0.9992251992225647
1,0.03733350336551666,0.9992251992225647
