trace_id,loss,accuracy
3,0.018896467983722687,0.9992251992225647
4,0.13861913979053497,0.9976755976676941
1,0.018896467983722687,0.9992251992225647
3,0.015376274473965168,0.9992251992225647
4,0.012753159739077091,0.9981921315193176
1,0.015376274473965168,0.9992251992225647
3,0.036539845168590546,0.995351254940033
4,0.014735490083694458,0.9984503984451294
1,0.036539845168590546,0.995351254940033
3,0.015050521120429039,0.9992251992225647
4,0.030487027019262314,0.9989669322967529
1,0.015050521120429039,0.9992251992225647
3,0.015851648524403572,0.9992251992225647
4,0.016756383702158928,0.9992251992225647
1,0.015851648524403572,0.9992251992225647
3,0.015780387446284294,0.9992251992225647
4,0.016817403957247734,0.9984503984451294
1,0.015780387446284294,0.9992251992225647
3,0.015942085534334183,0.9992251992225647
4,0.04124695062637329,0.9979338645935059
1,0.015942085534334183,0.9992251992225647
3,0.016238542273640633,0.9992251992225647
4,0.020483270287513733,0.9992251992225647
1,0.016238542273640633,0.9992251992225647
