trace_id,loss,accuracy
3,0.05899987742304802,0.9976755976676941
4,0.10943254828453064,0.9989669322967529
1,0.05899987742304802,0.9976755976676941
3,0.07482939213514328,0.9992251992225647
4,0.07942742109298706,0.9989669322967529
1,0.07482939213514328,0.9992251992225647
3,0.07636436820030212,0.9989669322967529
4,0.08300494402647018,0.9992251992225647
1,0.07636436820030212,0.9989669322967529
3,0.08296450972557068,0.9989669322967529
4,0.08248653262853622,0.9989669322967529
1,0.08296450972557068,0.9989669322967529
3,0.08165700733661652,0.9989669322967529
4,0.08362119644880295,0.9992251992225647
1,0.08165700733661652,0.9989669322967529
3,0.08410581946372986,0.9989669322967529
4,0.08535382896661758,0.9992251992225647
1,0.08410581946372986,0.9989669322967529
3,0.08498728275299072,0.9989669322967529
4,0.07142497599124908,0.9992251992225647
1,0.08498728275299072,0.9989669322967529
3,0.08748527616262436,0.9989669322967529
4,0.068891242146492,0.9992251992225647
1,0.08748527616262436,0.9989669322967529
