trace_id,loss,accuracy
3,0.016530821099877357,0.9992251992225647
4,0.027485603466629982,0.9981921315193176
1,0.016530821099877357,0.9992251992225647
3,0.017171895131468773,0.9992251992225647
4,0.02256401814520359,0.9989669322967529
1,0.017171895131468773,0.9992251992225647
3,0.01676545850932598,0.9989669322967529
4,0.020806943997740746,0.9992251992225647
1,0.01676545850932598,0.9989669322967529
3,0.020493555814027786,0.9992251992225647
4,0.03031693771481514,0.9974173307418823
1,0.020493555814027786,0.9992251992225647
3,0.0228082537651062,0.9992251992225647
4,0.023577716201543808,0.9992251992225647
1,0.0228082537651062,0.9992251992225647
3,0.0225214883685112,0.9992251992225647
4,0.023845359683036804,0.9992251992225647
1,0.0225214883685112,0.9992251992225647
3,0.023135187104344368,0.9992251992225647
4,0.0241866372525692,0.9992251992225647
1,0.023135187104344368,0.9992251992225647
3,0.023531464859843254,0.9992251992225647
4,0.024311086162924767,0.9992251992225647
1,0.023531464859843254,0.9992251992225647
