trace_id,loss,accuracy
3,0.026191404089331627,0.9992251992225647
4,0.01969030313193798,0.9987086653709412
1,0.026191404089331627,0.9992251992225647
3,0.02765599824488163,0.9992251992225647
4,0.027437858283519745,0.9992251992225647
1,0.02765599824488163,0.9992251992225647
3,0.02825085073709488,0.9992251992225647
4,0.028345225378870964,0.9992251992225647
1,0.02825085073709488,0.9992251992225647
3,0.03207003325223923,0.9992251992225647
4,0.031107764691114426,0.9992251992225647
1,0.03207003325223923,0.9992251992225647
3,0.032554734498262405,0.9992251992225647
4,0.033456411212682724,0.9992251992225647
1,0.032554734498262405,0.9992251992225647
3,0.03324263542890549,0.9992251992225647
4,0.03415931761264801,0.9992251992225647
1,0.03324263542890549,0.9992251992225647
3,0.033828653395175934,0.9992251992225647
4,0.03472502529621124,0.9992251992225647
1,0.033828653395175934,0.9992251992225647
3,0.03434865549206734,0.9992251992225647
4,0.03531218320131302,0.9992251992225647
1,0.03434865549206734,0.9992251992225647
