trace_id,loss,accuracy
3,0.0223372969776392,0.9989669322967529
4,0.034423328936100006,0.9992251992225647
1,0.0223372969776392,0.9989669322967529
3,0.0278189554810524,0.9992251992225647
4,0.022854134440422058,0.9989669322967529
1,0.0278189554810524,0.9992251992225647
3,0.022630266845226288,0.9992251992225647
4,0.029383623972535133,0.9992251992225647
1,0.022630266845226288,0.9992251992225647
3,0.02564801089465618,0.9992251992225647
4,0.02549060620367527,0.9992251992225647
1,0.02564801089465618,0.9992251992225647
3,0.027008581906557083,0.9992251992225647
4,0.027462497353553772,0.9992251992225647
1,0.027008581906557083,0.9992251992225647
3,0.028127728030085564,0.9992251992225647
4,0.02847541868686676,0.9992251992225647
1,0.028127728030085564,0.9992251992225647
3,0.029004540294408798,0.9992251992225647
4,0.02932249754667282,0.9992251992225647
1,0.029004540294408798,0.9992251992225647
3,0.029752222821116447,0.9992251992225647
4,0.030063575133681297,0.9992251992225647
1,0.029752222821116447,0.9992251992225647
