trace_id,loss,accuracy
3,0.07662568241357803,0.9987086653709412
4,0.02685180865228176,0.9992251992225647
1,0.07662568241357803,0.9987086653709412
3,0.08740316331386566,0.9992251992225647
4,0.08888083696365356,0.9992251992225647
1,0.08740316331386566,0.9992251992225647
3,0.0907982662320137,0.9992251992225647
4,0.0866270586848259,0.9992251992225647
1,0.0907982662320137,0.9992251992225647
3,0.09386907517910004,0.9992251992225647
4,0.09714798629283905,0.9992251992225647
1,0.09386907517910004,0.9992251992225647
3,0.08856005221605301,0.9992251992225647
4,0.09912152588367462,0.9992251992225647
1,0.08856005221605301,0.9992251992225647
3,0.09080038219690323,0.9992251992225647
4,0.08434060215950012,0.9992251992225647
1,0.09080038219690323,0.9992251992225647
3,0.09820462763309479,0.9992251992225647
4,0.09692423790693283,0.9992251992225647
1,0.09820462763309479,0.9992251992225647
3,0.09951648861169815,0.9992251992225647
4,0.09963477402925491,0.9992251992225647
1,0.09951648861169815,0.9992251992225647
