trace_id,loss,accuracy
3,0.15814122557640076,0.9989669322967529
4,0.14643289148807526,0.9992251992225647
1,0.15814122557640076,0.9989669322967529
3,0.14238110184669495,0.9987086653709412
4,0.11160579323768616,0.9992251992225647
1,0.14238110184669495,0.9987086653709412
3,0.1514572650194168,0.9989669322967529
4,0.1563020795583725,0.9992251992225647
1,0.1514572650194168,0.9989669322967529
3,0.1591266393661499,0.9992251992225647
4,0.16211755573749542,0.9992251992225647
1,0.1591266393661499,0.9992251992225647
3,0.16585992276668549,0.9992251992225647
4,0.16737942397594452,0.9992251992225647
1,0.16585992276668549,0.9992251992225647
3,0.16979867219924927,0.9992251992225647
4,0.1727140098810196,0.9992251992225647
1,0.16979867219924927,0.9992251992225647
3,0.17297899723052979,0.9992251992225647
4,0.17826107144355774,0.9992251992225647
1,0.17297899723052979,0.9992251992225647
3,0.17760628461837769,0.9992251992225647
4,0.1811252236366272,0.9992251992225647
1,0.17760628461837769,0.9992251992225647
