trace_id,loss,accuracy
3,0.01652742177248001,0.9987086653709412
4,0.023615967482328415,0.9992251992225647
1,0.01652742177248001,0.9987086653709412
3,0.02254076860845089,0.9989669322967529
4,0.019596241414546967,0.9984503984451294
1,0.02254076860845089,0.9989669322967529
3,0.024455798789858818,0.9992251992225647
4,0.020023595541715622,0.9984503984451294
1,0.024455798789858818,0.9992251992225647
3,0.02745886519551277,0.9992251992225647
4,0.020889954641461372,0.9984503984451294
1,0.02745886519551277,0.9992251992225647
3,0.029582731425762177,0.9992251992225647
4,0.012209853157401085,0.9992251992225647
1,0.029582731425762177,0.9992251992225647
3,0.03067929670214653,0.9992251992225647
4,0.033388253301382065,0.9992251992225647
1,0.03067929670214653,0.9992251992225647
3,0.03152014687657356,0.9992251992225647
4,0.04404795169830322,0.9992251992225647
1,0.03152014687657356,0.9992251992225647
3,0.03233860433101654,0.9992251992225647
4,0.12134261429309845,0.9992251992225647
1,0.03233860433101654,0.9992251992225647
