trace_id,loss,accuracy
3,0.010382232256233692,0.9992251992225647
4,0.023142298683524132,0.9981921315193176
1,0.010382231324911118,0.9992251992225647
3,0.039647504687309265,0.9938016533851624
4,0.008634494617581367,0.9992251992225647
1,0.039647504687309265,0.9938016533851624
3,0.008751467801630497,0.9992251992225647
4,0.010247836820781231,0.9992251992225647
1,0.008751467801630497,0.9992251992225647
3,0.009534375742077827,0.9992251992225647
4,0.011567284353077412,0.9992251992225647
1,0.009534375742077827,0.9992251992225647
3,0.00971726793795824,0.9992251992225647
4,0.010802929289638996,0.9992251992225647
1,0.00971726793795824,0.9992251992225647
3,0.010133984498679638,0.9992251992225647
4,0.011292783543467522,0.9992251992225647
1,0.010133984498679638,0.9992251992225647
3,0.010346262715756893,0.9992251992225647
4,0.011757642030715942,0.9992251992225647
1,0.010346262715756893,0.9992251992225647
3,0.010584862902760506,0.9992251992225647
4,0.012024677358567715,0.9992251992225647
1,0.010584862902760506,0.9992251992225647
