trace_id,loss,accuracy
3,0.020055536180734634,0.9992251992225647
4,0.02736262045800686,0.99638432264328
1,0.020055536180734634,0.9992251992225647
3,0.02398761361837387,0.9992251992225647
4,0.018323788419365883,0.9992251992225647
1,0.02398761361837387,0.9992251992225647
3,0.026068536564707756,0.9992251992225647
4,0.015597461722791195,0.9992251992225647
1,0.026068536564707756,0.9992251992225647
3,0.02766105718910694,0.9992251992225647
4,0.032009828835725784,0.9974173307418823
1,0.02766105718910694,0.9992251992225647
3,0.028870483860373497,0.9992251992225647
4,0.024971354752779007,0.9969007968902588
1,0.028870483860373497,0.9992251992225647
3,0.029690105468034744,0.9992251992225647
4,0.014187747612595558,0.9992251992225647
1,0.029690105468034744,0.9992251992225647
3,0.030452722683548927,0.9992251992225647
4,0.01127369049936533,0.9992251992225647
1,0.030452722683548927,0.9992251992225647
3,0.03111594170331955,0.9992251992225647
4,0.010190206579864025,0.9992251992225647
1,0.03111594170331955,0.9992251992225647
