trace_id,loss,accuracy
3,0.016506461426615715,0.9992251992225647
4,0.018409131094813347,0.9992251992225647
1,0.016506463289260864,0.9992251992225647
3,0.02162184938788414,0.9992251992225647
4,0.020891932770609856,0.9992251992225647
1,0.02162184938788414,0.9992251992225647
3,0.023323973640799522,0.9992251992225647
4,0.023524576798081398,0.9992251992225647
1,0.023323973640799522,0.9992251992225647
3,0.0245120320469141,0.9992251992225647
4,0.02500641532242298,0.9992251992225647
1,0.0245120320469141,0.9992251992225647
3,0.025349847972393036,0.9992251992225647
4,0.025893954560160637,0.9992251992225647
1,0.025349847972393036,0.9992251992225647
3,0.026075350120663643,0.9992251992225647
4,0.026466503739356995,0.9992251992225647
1,0.026075350120663643,0.9992251992225647
3,0.02675415575504303,0.9992251992225647
4,0.027045167982578278,0.9992251992225647
1,0.02675415575504303,0.9992251992225647
3,0.02731897309422493,0.9992251992225647
4,0.027594994753599167,0.9992251992225647
1,0.02731897309422493,0.9992251992225647
