trace_id,loss,accuracy
3,0.09575513005256653,0.9989669322967529
4,0.0939781665802002,0.9992251992225647
1,0.09575513005256653,0.9989669322967529
3,0.07753432542085648,0.9989669322967529
4,0.0416230782866478,0.9992251992225647
1,0.07753432542085648,0.9989669322967529
3,0.08125700801610947,0.9989669322967529
4,0.0916169285774231,0.9992251992225647
1,0.08125700801610947,0.9989669322967529
3,0.0872557982802391,0.9989669322967529
4,0.040716905146837234,0.9992251992225647
1,0.0872557982802391,0.9989669322967529
3,0.09298282116651535,0.9989669322967529
4,0.039294302463531494,0.9989669322967529
1,0.09298282116651535,0.9989669322967529
3,0.09664677083492279,0.9989669322967529
4,0.08694389462471008,0.9989669322967529
1,0.09664677083492279,0.9989669322967529
3,0.09944447129964828,0.9989669322967529
4,0.03698285296559334,0.9992251992225647
1,0.09944447129964828,0.9989669322967529
3,0.10154488682746887,0.9989669322967529
4,0.08887666463851929,0.9992251992225647
1,0.10154488682746887,0.9989669322967529
