trace_id,loss,accuracy
3,0.017604902386665344,0.9992251992225647
4,0.02711399644613266,0.9989669322967529
1,0.017604902386665344,0.9992251992225647
3,0.020538149401545525,0.9992251992225647
4,0.022514784708619118,0.99638432264328
1,0.020538149401545525,0.9992251992225647
3,0.022066278383135796,0.9992251992225647
4,0.017788026481866837,0.9989669322967529
1,0.022066278383135796,0.9992251992225647
3,0.025060469284653664,0.9992251992225647
4,0.020828522741794586,0.9992251992225647
1,0.025060469284653664,0.9992251992225647
3,0.026217907667160034,0.9992251992225647
4,0.025476256385445595,0.9992251992225647
1,0.026217907667160034,0.9992251992225647
3,0.027106259018182755,0.9992251992225647
4,0.025233542546629906,0.9992251992225647
1,0.027106259018182755,0.9992251992225647
3,0.02801598235964775,0.9992251992225647
4,0.021909963339567184,0.9992251992225647
1,0.02801598235964775,0.9992251992225647
3,0.028746886178851128,0.9992251992225647
4,0.02678692527115345,0.9992251992225647
1,0.028746886178851128,0.9992251992225647
