trace_id,loss,accuracy
3,0.033952221274375916,0.9992251992225647
4,0.02564985118806362,0.9987086653709412
1,0.033952221274375916,0.9992251992225647
3,0.033395230770111084,0.9992251992225647
4,0.0316496342420578,0.9984503984451294
1,0.033395230770111084,0.9992251992225647
3,0.02678975649178028,0.9992251992225647
4,0.03590371087193489,0.9992251992225647
1,0.02678975649178028,0.9992251992225647
3,0.027041029185056686,0.9992251992225647
4,0.030432984232902527,0.9992251992225647
1,0.027041029185056686,0.9992251992225647
3,0.030064914375543594,0.9992251992225647
4,0.030457550659775734,0.9992251992225647
1,0.030064914375543594,0.9992251992225647
3,0.0312768891453743,0.9992251992225647
4,0.03166840225458145,0.9992251992225647
1,0.0312768891453743,0.9992251992225647
3,0.03240286186337471,0.9992251992225647
4,0.03270972892642021,0.9992251992225647
1,0.03240286186337471,0.9992251992225647
3,0.03324771672487259,0.9992251992225647
4,0.03352079540491104,0.9992251992225647
1,0.03324771672487259,0.9992251992225647
