trace_id,loss,accuracy
3,0.021283060312271118,0.9989669322967529
4,0.015965551137924194,0.9979338645935059
1,0.02128305844962597,0.9989669322967529
3,0.026733364909887314,0.9992251992225647
4,0.020257599651813507,0.9992251992225647
1,0.026733364909887314,0.9992251992225647
3,0.028128396719694138,0.9992251992225647
4,0.029290368780493736,0.9992251992225647
1,0.028128396719694138,0.9992251992225647
3,0.027055617421865463,0.9992251992225647
4,0.030678529292345047,0.9992251992225647
1,0.027055617421865463,0.9992251992225647
3,0.02921714074909687,0.9992251992225647
4,0.03077033907175064,0.9992251992225647
1,0.02921714074909687,0.9992251992225647
3,0.029052164405584335,0.9992251992225647
4,0.031021028757095337,0.9992251992225647
1,0.029052164405584335,0.9992251992225647
3,0.028410326689481735,0.9989669322967529
4,0.0335501991212368,0.9992251992225647
1,0.028410326689481735,0.9989669322967529
3,0.03119996376335621,0.9992251992225647
4,0.044571276754140854,0.9992251992225647
1,0.03119996376335621,0.9992251992225647
