trace_id,loss,accuracy
3,0.013061191886663437,0.9992251992225647
4,0.030439205467700958,0.9989669322967529
1,0.013061191886663437,0.9992251992225647
3,0.01646982505917549,0.9992251992225647
4,0.019536592066287994,0.9992251992225647
1,0.01646982505917549,0.9992251992225647
3,0.017295021563768387,0.9992251992225647
4,0.02706684172153473,0.9992251992225647
1,0.017295021563768387,0.9992251992225647
3,0.017926117405295372,0.9992251992225647
4,0.027371501550078392,0.9992251992225647
1,0.017926117405295372,0.9992251992225647
3,0.018450196832418442,0.9992251992225647
4,0.02198186330497265,0.9992251992225647
1,0.018450196832418442,0.9992251992225647
3,0.01888706162571907,0.9992251992225647
4,0.02327948994934559,0.9992251992225647
1,0.01888706162571907,0.9992251992225647
3,0.01929819956421852,0.9992251992225647
4,0.022801635786890984,0.9992251992225647
1,0.01929819956421852,0.9992251992225647
3,0.019628873094916344,0.9992251992225647
4,0.024751270189881325,0.9992251992225647
1,0.019628873094916344,0.9992251992225647
