trace_id,loss,accuracy
3,0.11006926745176315,0.9989669322967529
4,0.07517360150814056,0.9992251992225647
1,0.11006926745176315,0.9989669322967529
3,0.0960637629032135,0.9992251992225647
4,0.10038222372531891,0.9987086653709412
1,0.0960637629032135,0.9992251992225647
3,0.11249790340662003,0.9992251992225647
4,0.11121141910552979,0.9992251992225647
1,0.11249790340662003,0.9992251992225647
3,0.10816182941198349,0.9992251992225647
4,0.1309925764799118,0.9992251992225647
1,0.10816182941198349,0.9992251992225647
3,0.12457212805747986,0.9992251992225647
4,0.12506350874900818,0.9992251992225647
1,0.12457212805747986,0.9992251992225647
3,0.13300545513629913,0.9992251992225647
4,0.13130377233028412,0.9992251992225647
1,0.13300545513629913,0.9992251992225647
3,0.13781167566776276,0.9992251992225647
4,0.13731041550636292,0.9992251992225647
1,0.13781167566776276,0.9992251992225647
3,0.141492560505867,0.9992251992225647
4,0.14129848778247833,0.9992251992225647
1,0.141492560505867,0.9992251992225647
