trace_id,loss,accuracy
3,0.01716787740588188,0.9989669322967529
4,0.02258859947323799,0.9989669322967529
1,0.01716787740588188,0.9989669322967529
3,0.017136039212346077,0.9992251992225647
4,0.025071755051612854,0.9989669322967529
1,0.017136039212346077,0.9992251992225647
3,0.018423987552523613,0.9992251992225647
4,0.026705874130129814,0.9992251992225647
1,0.018423987552523613,0.9992251992225647
3,0.018945518881082535,0.9992251992225647
4,0.026145201176404953,0.9989669322967529
1,0.018945518881082535,0.9992251992225647
3,0.019585339352488518,0.9992251992225647
4,0.02289637178182602,0.9992251992225647
1,0.019585339352488518,0.9992251992225647
3,0.020102042704820633,0.9992251992225647
4,0.019117750227451324,0.9992251992225647
1,0.020102042704820633,0.9992251992225647
3,0.02056746557354927,0.9992251992225647
4,0.02533430978655815,0.9992251992225647
1,0.02056746557354927,0.9992251992225647
3,0.02093752659857273,0.9992251992225647
4,0.02194409817457199,0.9992251992225647
1,0.02093752659857273,0.9992251992225647
