trace_id,loss,accuracy
3,0.02980026789009571,0.9989669322967529
4,0.028507251292467117,0.9989669322967529
1,0.02980026789009571,0.9989669322967529
3,0.03237231448292732,0.9989669322967529
4,0.04297368600964546,0.995351254940033
1,0.03237231448292732,0.9989669322967529
3,0.03136667609214783,0.9989669322967529
4,0.04968789964914322,0.9956095218658447
1,0.03136667609214783,0.9989669322967529
3,0.018747486174106598,0.9989669322967529
4,0.020705044269561768,0.9966425895690918
1,0.018747486174106598,0.9989669322967529
3,0.022778375074267387,0.9992251992225647
4,0.022755244746804237,0.9992251992225647
1,0.022778375074267387,0.9992251992225647
3,0.025584882125258446,0.9992251992225647
4,0.025315651670098305,0.9992251992225647
1,0.025584882125258446,0.9992251992225647
3,0.02684907056391239,0.9992251992225647
4,0.02717188373208046,0.9992251992225647
1,0.02684907056391239,0.9992251992225647
3,0.02781509794294834,0.9992251992225647
4,0.02821115031838417,0.9992251992225647
1,0.02781509794294834,0.9992251992225647
